fecha,categoria,costo_canasta,indice_base100
2026-07-17,TOTAL,166353.47,100.0
2026-07-20,TOTAL,167018.89,100.4
2026-07-21,TOTAL,165521.71,99.5
2026-07-22,TOTAL,165521.71,99.5
2026-07-23,TOTAL,165521.71,99.5
2026-07-24,TOTAL,165521.71,99.5
2026-07-25,TOTAL,165521.71,99.5
2026-07-26,TOTAL,165521.71,99.5
2026-07-27,TOTAL,165521.71,99.5
2026-07-28,TOTAL,165754.6,99.64
2026-07-29,TOTAL,165754.6,99.64
2026-07-30,TOTAL,166852.53,100.3
2026-07-31,TOTAL,166852.53,100.3
2026-08-01,TOTAL,166852.53,100.3
2026-08-02,TOTAL,166852.53,100.3
2026-08-03,TOTAL,166852.53,100.3
2026-08-04,TOTAL,168632.52,101.37
2026-08-05,TOTAL,168632.52,101.37
2026-08-06,TOTAL,166885.81,100.32
2026-08-07,TOTAL,166885.81,100.32
2026-08-08,TOTAL,166885.81,100.32
2026-08-09,TOTAL,166885.81,100.32
2026-08-10,TOTAL,166885.81,100.32
2026-08-11,TOTAL,166885.81,100.32
2026-08-12,TOTAL,166885.81,100.32
2026-08-13,TOTAL,168632.52,101.37
2026-08-14,TOTAL,165904.32,99.73
2026-08-15,TOTAL,165904.32,99.73
2026-08-16,TOTAL,165904.32,99.73
2026-08-17,TOTAL,165904.32,99.73
2026-08-18,TOTAL,165904.32,99.73
2026-08-19,TOTAL,165904.32,99.73
2026-08-20,TOTAL,168632.52,101.37
2026-08-21,TOTAL,168632.52,101.37
2026-08-22,TOTAL,168632.52,101.37
2026-08-23,TOTAL,168632.52,101.37
2026-08-24,TOTAL,168632.52,101.37
2026-08-25,TOTAL,168632.52,101.37
2026-08-26,TOTAL,168632.52,101.37
2026-08-27,TOTAL,168632.52,101.37
2026-08-28,TOTAL,168632.52,101.37
2026-08-29,TOTAL,168632.52,101.37
2026-08-30,TOTAL,168632.52,101.37
2026-08-31,TOTAL,168632.52,101.37
2026-09-01,TOTAL,168632.52,101.37
2026-09-02,TOTAL,168632.52,101.37
2026-09-03,TOTAL,166769.36,100.25
2026-09-04,TOTAL,166769.36,100.25
2026-09-05,TOTAL,166769.36,100.25
2026-09-06,TOTAL,167534.58,100.71
2026-09-07,TOTAL,167534.58,100.71
2026-09-08,TOTAL,171643.52,103.18
2026-09-09,TOTAL,171643.52,103.18
2026-09-10,TOTAL,172142.58,103.48
2026-09-11,TOTAL,172625.0,103.77
2026-09-12,TOTAL,172625.0,103.77
2026-09-13,TOTAL,172625.0,103.77
2026-09-14,TOTAL,172625.0,103.77
2026-09-15,TOTAL,173872.65,104.52
2026-09-16,TOTAL,174854.14,105.11
2026-09-17,TOTAL,174488.16,104.89
2026-09-18,TOTAL,174488.16,104.89
2026-09-19,TOTAL,174488.16,104.89
2026-09-20,TOTAL,174488.16,104.89
2026-09-21,TOTAL,174488.16,104.89
2026-09-22,TOTAL,175735.81,105.64
2026-09-23,TOTAL,175735.81,105.64
2026-09-24,TOTAL,174820.87,105.09
2026-09-25,TOTAL,174820.87,105.09
2026-09-26,TOTAL,174820.87,105.09
2026-09-27,TOTAL,174820.87,105.09
2026-09-28,TOTAL,174820.87,105.09
2026-09-29,TOTAL,175502.92,105.5
2026-09-30,TOTAL,175502.92,105.5
2026-10-01,TOTAL,173556.58,104.33
2026-10-02,TOTAL,173556.58,104.33
2026-10-03,TOTAL,173556.58,104.33
2026-10-04,TOTAL,173556.58,104.33
2026-10-05,TOTAL,173556.58,104.33
2026-10-06,TOTAL,172741.45,103.84
2026-10-07,TOTAL,173090.79,104.05
2026-10-08,TOTAL,173556.58,104.33
2026-10-09,TOTAL,173556.58,104.33
2026-07-17,almacen,57121.24,100.0
2026-07-20,almacen,57121.24,100.0
2026-07-21,almacen,57121.24,100.0
2026-07-22,almacen,57121.24,100.0
2026-07-23,almacen,57121.24,100.0
2026-07-24,almacen,57121.24,100.0
2026-07-25,almacen,57121.24,100.0
2026-07-26,almacen,57121.24,100.0
2026-07-27,almacen,57121.24,100.0
2026-07-28,almacen,56961.3,99.72
2026-07-29,almacen,56961.3,99.72
2026-07-30,almacen,56961.3,99.72
2026-07-31,almacen,56961.3,99.72
2026-08-01,almacen,56961.3,99.72
2026-08-02,almacen,56961.3,99.72
2026-08-03,almacen,56961.3,99.72
2026-08-04,almacen,57304.03,100.32
2026-08-05,almacen,57304.03,100.32
2026-08-06,almacen,57304.03,100.32
2026-08-07,almacen,57304.03,100.32
2026-08-08,almacen,57304.03,100.32
2026-08-09,almacen,57304.03,100.32
2026-08-10,almacen,57304.03,100.32
2026-08-11,almacen,57304.03,100.32
2026-08-12,almacen,57304.03,100.32
2026-08-13,almacen,57304.03,100.32
2026-08-14,almacen,57304.03,100.32
2026-08-15,almacen,57304.03,100.32
2026-08-16,almacen,57304.03,100.32
2026-08-17,almacen,57304.03,100.32
2026-08-18,almacen,57304.03,100.32
2026-08-19,almacen,57304.03,100.32
2026-08-20,almacen,57304.03,100.32
2026-08-21,almacen,57304.03,100.32
2026-08-22,almacen,57304.03,100.32
2026-08-23,almacen,57304.03,100.32
2026-08-24,almacen,57304.03,100.32
2026-08-25,almacen,57304.03,100.32
2026-08-26,almacen,57304.03,100.32
2026-08-27,almacen,57304.03,100.32
2026-08-28,almacen,57304.03,100.32
2026-08-29,almacen,57304.03,100.32
2026-08-30,almacen,57304.03,100.32
2026-08-31,almacen,57304.03,100.32
2026-09-01,almacen,57304.03,100.32
2026-09-02,almacen,57304.03,100.32
2026-09-03,almacen,57304.03,100.32
2026-09-04,almacen,57304.03,100.32
2026-09-05,almacen,57304.03,100.32
2026-09-06,almacen,57304.03,100.32
2026-09-07,almacen,57304.03,100.32
2026-09-08,almacen,58497.86,102.41
2026-09-09,almacen,58497.86,102.41
2026-09-10,almacen,59771.66,104.64
2026-09-11,almacen,60262.91,105.5
2026-09-12,almacen,60262.91,105.5
2026-09-13,almacen,60262.91,105.5
2026-09-14,almacen,60262.91,105.5
2026-09-15,almacen,60262.91,105.5
2026-09-16,almacen,61239.68,107.21
2026-09-17,almacen,61239.68,107.21
2026-09-18,almacen,61239.68,107.21
2026-09-19,almacen,61239.68,107.21
2026-09-20,almacen,61239.68,107.21
2026-09-21,almacen,61239.68,107.21
2026-09-22,almacen,61239.68,107.21
2026-09-23,almacen,61239.68,107.21
2026-09-24,almacen,61239.68,107.21
2026-09-25,almacen,61239.68,107.21
2026-09-26,almacen,61239.68,107.21
2026-09-27,almacen,61239.68,107.21
2026-09-28,almacen,61239.68,107.21
2026-09-29,almacen,61239.68,107.21
2026-09-30,almacen,61239.68,107.21
2026-10-01,almacen,61239.68,107.21
2026-10-02,almacen,61239.68,107.21
2026-10-03,almacen,61239.68,107.21
2026-10-04,almacen,61239.68,107.21
2026-10-05,almacen,61239.68,107.21
2026-10-06,almacen,61239.68,107.21
2026-10-07,almacen,61239.68,107.21
2026-10-08,almacen,61239.68,107.21
2026-10-09,almacen,61239.68,107.21
2026-07-17,bebidas,19084.25,100.0
2026-07-20,bebidas,19481.21,102.08
2026-07-21,bebidas,17761.71,93.07
2026-07-22,bebidas,17761.71,93.07
2026-07-23,bebidas,17761.71,93.07
2026-07-24,bebidas,17761.71,93.07
2026-07-25,bebidas,17761.71,93.07
2026-07-26,bebidas,17761.71,93.07
2026-07-27,bebidas,17761.71,93.07
2026-07-28,bebidas,17761.71,93.07
2026-07-29,bebidas,17761.71,93.07
2026-07-30,bebidas,18759.82,98.3
2026-07-31,bebidas,18759.82,98.3
2026-08-01,bebidas,18759.82,98.3
2026-08-02,bebidas,18759.82,98.3
2026-08-03,bebidas,18759.82,98.3
2026-08-04,bebidas,18759.82,98.3
2026-08-05,bebidas,18759.82,98.3
2026-08-06,bebidas,18759.82,98.3
2026-08-07,bebidas,18759.82,98.3
2026-08-08,bebidas,18759.82,98.3
2026-08-09,bebidas,18759.82,98.3
2026-08-10,bebidas,18759.82,98.3
2026-08-11,bebidas,18759.82,98.3
2026-08-12,bebidas,18759.82,98.3
2026-08-13,bebidas,18759.82,98.3
2026-08-14,bebidas,18759.82,98.3
2026-08-15,bebidas,18759.82,98.3
2026-08-16,bebidas,18759.82,98.3
2026-08-17,bebidas,18759.82,98.3
2026-08-18,bebidas,18759.82,98.3
2026-08-19,bebidas,18759.82,98.3
2026-08-20,bebidas,18759.82,98.3
2026-08-21,bebidas,18759.82,98.3
2026-08-22,bebidas,18759.82,98.3
2026-08-23,bebidas,18759.82,98.3
2026-08-24,bebidas,18759.82,98.3
2026-08-25,bebidas,18759.82,98.3
2026-08-26,bebidas,18759.82,98.3
2026-08-27,bebidas,18759.82,98.3
2026-08-28,bebidas,18759.82,98.3
2026-08-29,bebidas,18759.82,98.3
2026-08-30,bebidas,18759.82,98.3
2026-08-31,bebidas,18759.82,98.3
2026-09-01,bebidas,18759.82,98.3
2026-09-02,bebidas,18759.82,98.3
2026-09-03,bebidas,19095.7,100.06
2026-09-04,bebidas,19095.7,100.06
2026-09-05,bebidas,19095.7,100.06
2026-09-06,bebidas,19095.7,100.06
2026-09-07,bebidas,19095.7,100.06
2026-09-08,bebidas,19095.7,100.06
2026-09-09,bebidas,19095.7,100.06
2026-09-10,bebidas,19095.7,100.06
2026-09-11,bebidas,19095.7,100.06
2026-09-12,bebidas,19095.7,100.06
2026-09-13,bebidas,19095.7,100.06
2026-09-14,bebidas,19095.7,100.06
2026-09-15,bebidas,19095.7,100.06
2026-09-16,bebidas,19095.7,100.06
2026-09-17,bebidas,19981.21,104.7
2026-09-18,bebidas,19981.21,104.7
2026-09-19,bebidas,19981.21,104.7
2026-09-20,bebidas,19981.21,104.7
2026-09-21,bebidas,19981.21,104.7
2026-09-22,bebidas,19981.21,104.7
2026-09-23,bebidas,19981.21,104.7
2026-09-24,bebidas,19981.21,104.7
2026-09-25,bebidas,19981.21,104.7
2026-09-26,bebidas,19981.21,104.7
2026-09-27,bebidas,19981.21,104.7
2026-09-28,bebidas,19981.21,104.7
2026-09-29,bebidas,19164.41,100.42
2026-09-30,bebidas,19164.41,100.42
2026-10-01,bebidas,19214.03,100.68
2026-10-02,bebidas,19214.03,100.68
2026-10-03,bebidas,19214.03,100.68
2026-10-04,bebidas,19214.03,100.68
2026-10-05,bebidas,19214.03,100.68
2026-10-06,bebidas,19399.14,101.65
2026-10-07,bebidas,19548.0,102.43
2026-10-08,bebidas,19548.0,102.43
2026-10-09,bebidas,19548.0,102.43
2026-07-17,lacteos,37384.46,100.0
2026-07-20,lacteos,37384.46,100.0
2026-07-21,lacteos,37384.46,100.0
2026-07-22,lacteos,37384.46,100.0
2026-07-23,lacteos,37384.46,100.0
2026-07-24,lacteos,37384.46,100.0
2026-07-25,lacteos,37384.46,100.0
2026-07-26,lacteos,37384.46,100.0
2026-07-27,lacteos,37384.46,100.0
2026-07-28,lacteos,37784.48,101.07
2026-07-29,lacteos,37784.48,101.07
2026-07-30,lacteos,37784.48,101.07
2026-07-31,lacteos,37784.48,101.07
2026-08-01,lacteos,37784.48,101.07
2026-08-02,lacteos,37784.48,101.07
2026-08-03,lacteos,37784.48,101.07
2026-08-04,lacteos,39246.21,104.98
2026-08-05,lacteos,39246.21,104.98
2026-08-06,lacteos,37485.4,100.27
2026-08-07,lacteos,37485.4,100.27
2026-08-08,lacteos,37485.4,100.27
2026-08-09,lacteos,37485.4,100.27
2026-08-10,lacteos,37485.4,100.27
2026-08-11,lacteos,37485.4,100.27
2026-08-12,lacteos,37485.4,100.27
2026-08-13,lacteos,39246.21,104.98
2026-08-14,lacteos,36483.5,97.59
2026-08-15,lacteos,36483.5,97.59
2026-08-16,lacteos,36483.5,97.59
2026-08-17,lacteos,36483.5,97.59
2026-08-18,lacteos,36483.5,97.59
2026-08-19,lacteos,36483.5,97.59
2026-08-20,lacteos,39246.21,104.98
2026-08-21,lacteos,39246.21,104.98
2026-08-22,lacteos,39246.21,104.98
2026-08-23,lacteos,39246.21,104.98
2026-08-24,lacteos,39246.21,104.98
2026-08-25,lacteos,39246.21,104.98
2026-08-26,lacteos,39246.21,104.98
2026-08-27,lacteos,39246.21,104.98
2026-08-28,lacteos,39246.21,104.98
2026-08-29,lacteos,39246.21,104.98
2026-08-30,lacteos,39246.21,104.98
2026-08-31,lacteos,39246.21,104.98
2026-09-01,lacteos,39246.21,104.98
2026-09-02,lacteos,39246.21,104.98
2026-09-03,lacteos,36984.45,98.93
2026-09-04,lacteos,36984.45,98.93
2026-09-05,lacteos,36984.45,98.93
2026-09-06,lacteos,37762.05,101.01
2026-09-07,lacteos,37762.05,101.01
2026-09-08,lacteos,40292.97,107.78
2026-09-09,lacteos,40292.97,107.78
2026-09-10,lacteos,39033.12,104.41
2026-09-11,lacteos,39033.12,104.41
2026-09-12,lacteos,39033.12,104.41
2026-09-13,lacteos,39033.12,104.41
2026-09-14,lacteos,39033.12,104.41
2026-09-15,lacteos,40292.97,107.78
2026-09-16,lacteos,40292.97,107.78
2026-09-17,lacteos,39033.12,104.41
2026-09-18,lacteos,39033.12,104.41
2026-09-19,lacteos,39033.12,104.41
2026-09-20,lacteos,39033.12,104.41
2026-09-21,lacteos,39033.12,104.41
2026-09-22,lacteos,40292.97,107.78
2026-09-23,lacteos,40292.97,107.78
2026-09-24,lacteos,39033.12,104.41
2026-09-25,lacteos,39033.12,104.41
2026-09-26,lacteos,39033.12,104.41
2026-09-27,lacteos,39033.12,104.41
2026-09-28,lacteos,39033.12,104.41
2026-09-29,lacteos,40532.23,108.42
2026-09-30,lacteos,40532.23,108.42
2026-10-01,lacteos,38532.17,103.07
2026-10-02,lacteos,38532.17,103.07
2026-10-03,lacteos,38532.17,103.07
2026-10-04,lacteos,38532.17,103.07
2026-10-05,lacteos,38532.17,103.07
2026-10-06,lacteos,37534.0,100.4
2026-10-07,lacteos,37534.0,100.4
2026-10-08,lacteos,37534.0,100.4
2026-10-09,lacteos,37534.0,100.4
2026-07-17,limpieza,37011.4,100.0
2026-07-20,limpieza,37011.4,100.0
2026-07-21,limpieza,38214.27,103.25
2026-07-22,limpieza,38214.27,103.25
2026-07-23,limpieza,38214.27,103.25
2026-07-24,limpieza,38214.27,103.25
2026-07-25,limpieza,38214.27,103.25
2026-07-26,limpieza,38214.27,103.25
2026-07-27,limpieza,38214.27,103.25
2026-07-28,limpieza,38214.27,103.25
2026-07-29,limpieza,38214.27,103.25
2026-07-30,limpieza,38214.27,103.25
2026-07-31,limpieza,38214.27,103.25
2026-08-01,limpieza,38214.27,103.25
2026-08-02,limpieza,38214.27,103.25
2026-08-03,limpieza,38214.27,103.25
2026-08-04,limpieza,38214.27,103.25
2026-08-05,limpieza,38214.27,103.25
2026-08-06,limpieza,38214.27,103.25
2026-08-07,limpieza,38214.27,103.25
2026-08-08,limpieza,38214.27,103.25
2026-08-09,limpieza,38214.27,103.25
2026-08-10,limpieza,38214.27,103.25
2026-08-11,limpieza,38214.27,103.25
2026-08-12,limpieza,38214.27,103.25
2026-08-13,limpieza,38214.27,103.25
2026-08-14,limpieza,38214.27,103.25
2026-08-15,limpieza,38214.27,103.25
2026-08-16,limpieza,38214.27,103.25
2026-08-17,limpieza,38214.27,103.25
2026-08-18,limpieza,38214.27,103.25
2026-08-19,limpieza,38214.27,103.25
2026-08-20,limpieza,38214.27,103.25
2026-08-21,limpieza,38214.27,103.25
2026-08-22,limpieza,38214.27,103.25
2026-08-23,limpieza,38214.27,103.25
2026-08-24,limpieza,38214.27,103.25
2026-08-25,limpieza,38214.27,103.25
2026-08-26,limpieza,38214.27,103.25
2026-08-27,limpieza,38214.27,103.25
2026-08-28,limpieza,38214.27,103.25
2026-08-29,limpieza,38214.27,103.25
2026-08-30,limpieza,38214.27,103.25
2026-08-31,limpieza,38214.27,103.25
2026-09-01,limpieza,38214.27,103.25
2026-09-02,limpieza,38214.27,103.25
2026-09-03,limpieza,38214.27,103.25
2026-09-04,limpieza,38214.27,103.25
2026-09-05,limpieza,38214.27,103.25
2026-09-06,limpieza,38214.27,103.25
2026-09-07,limpieza,38214.27,103.25
2026-09-08,limpieza,38643.6,104.41
2026-09-09,limpieza,38643.6,104.41
2026-09-10,limpieza,38998.91,105.37
2026-09-11,limpieza,38998.91,105.37
2026-09-12,limpieza,38998.91,105.37
2026-09-13,limpieza,38998.91,105.37
2026-09-14,limpieza,38998.91,105.37
2026-09-15,limpieza,38998.91,105.37
2026-09-16,limpieza,38998.91,105.37
2026-09-17,limpieza,38998.91,105.37
2026-09-18,limpieza,38998.91,105.37
2026-09-19,limpieza,38998.91,105.37
2026-09-20,limpieza,38998.91,105.37
2026-09-21,limpieza,38998.91,105.37
2026-09-22,limpieza,38998.91,105.37
2026-09-23,limpieza,38998.91,105.37
2026-09-24,limpieza,39343.12,106.3
2026-09-25,limpieza,39343.12,106.3
2026-09-26,limpieza,39343.12,106.3
2026-09-27,limpieza,39343.12,106.3
2026-09-28,limpieza,39343.12,106.3
2026-09-29,limpieza,39343.12,106.3
2026-09-30,limpieza,39343.12,106.3
2026-10-01,limpieza,39343.12,106.3
2026-10-02,limpieza,39343.12,106.3
2026-10-03,limpieza,39343.12,106.3
2026-10-04,limpieza,39343.12,106.3
2026-10-05,limpieza,39343.12,106.3
2026-10-06,limpieza,39343.12,106.3
2026-10-07,limpieza,39546.68,106.85
2026-10-08,limpieza,40001.92,108.08
2026-10-09,limpieza,40001.92,108.08
2026-07-17,panificados,15089.63,100.0
2026-07-20,panificados,15089.63,100.0
2026-07-21,panificados,15089.63,100.0
2026-07-22,panificados,15089.63,100.0
2026-07-23,panificados,15089.63,100.0
2026-07-24,panificados,15089.63,100.0
2026-07-25,panificados,15089.63,100.0
2026-07-26,panificados,15089.63,100.0
2026-07-27,panificados,15089.63,100.0
2026-07-28,panificados,15089.63,100.0
2026-07-29,panificados,15089.63,100.0
2026-07-30,panificados,15089.63,100.0
2026-07-31,panificados,15089.63,100.0
2026-08-01,panificados,15089.63,100.0
2026-08-02,panificados,15089.63,100.0
2026-08-03,panificados,15089.63,100.0
2026-08-04,panificados,15089.63,100.0
2026-08-05,panificados,15089.63,100.0
2026-08-06,panificados,15089.63,100.0
2026-08-07,panificados,15089.63,100.0
2026-08-08,panificados,15089.63,100.0
2026-08-09,panificados,15089.63,100.0
2026-08-10,panificados,15089.63,100.0
2026-08-11,panificados,15089.63,100.0
2026-08-12,panificados,15089.63,100.0
2026-08-13,panificados,15089.63,100.0
2026-08-14,panificados,15089.63,100.0
2026-08-15,panificados,15089.63,100.0
2026-08-16,panificados,15089.63,100.0
2026-08-17,panificados,15089.63,100.0
2026-08-18,panificados,15089.63,100.0
2026-08-19,panificados,15089.63,100.0
2026-08-20,panificados,15089.63,100.0
2026-08-21,panificados,15089.63,100.0
2026-08-22,panificados,15089.63,100.0
2026-08-23,panificados,15089.63,100.0
2026-08-24,panificados,15089.63,100.0
2026-08-25,panificados,15089.63,100.0
2026-08-26,panificados,15089.63,100.0
2026-08-27,panificados,15089.63,100.0
2026-08-28,panificados,15089.63,100.0
2026-08-29,panificados,15089.63,100.0
2026-08-30,panificados,15089.63,100.0
2026-08-31,panificados,15089.63,100.0
2026-09-01,panificados,15089.63,100.0
2026-09-02,panificados,15089.63,100.0
2026-09-03,panificados,15089.63,100.0
2026-09-04,panificados,15089.63,100.0
2026-09-05,panificados,15089.63,100.0
2026-09-06,panificados,15089.63,100.0
2026-09-07,panificados,15089.63,100.0
2026-09-08,panificados,15089.63,100.0
2026-09-09,panificados,15089.63,100.0
2026-09-10,panificados,15223.93,100.89
2026-09-11,panificados,15223.93,100.89
2026-09-12,panificados,15223.93,100.89
2026-09-13,panificados,15223.93,100.89
2026-09-14,panificados,15223.93,100.89
2026-09-15,panificados,15223.93,100.89
2026-09-16,panificados,15232.98,100.95
2026-09-17,panificados,15232.98,100.95
2026-09-18,panificados,15232.98,100.95
2026-09-19,panificados,15232.98,100.95
2026-09-20,panificados,15232.98,100.95
2026-09-21,panificados,15232.98,100.95
2026-09-22,panificados,15232.98,100.95
2026-09-23,panificados,15232.98,100.95
2026-09-24,panificados,15232.98,100.95
2026-09-25,panificados,15232.98,100.95
2026-09-26,panificados,15232.98,100.95
2026-09-27,panificados,15232.98,100.95
2026-09-28,panificados,15232.98,100.95
2026-09-29,panificados,15232.98,100.95
2026-09-30,panificados,15232.98,100.95
2026-10-01,panificados,15232.98,100.95
2026-10-02,panificados,15232.98,100.95
2026-10-03,panificados,15232.98,100.95
2026-10-04,panificados,15232.98,100.95
2026-10-05,panificados,15232.98,100.95
2026-10-06,panificados,15232.98,100.95
2026-10-07,panificados,15232.98,100.95
2026-10-08,panificados,15232.98,100.95
2026-10-09,panificados,15232.98,100.95
