fecha,fuente,categoria,ean,producto,precio_lista,precio_promo
2026-07-17,coto,almacen,7790272001029,aceite girasol natura botella 1 5 l,6975.0,
2026-07-17,coto,almacen,7791120100857,arroz blanco largo fino molinos ala 1kg,2500.0,
2026-07-17,coto,almacen,7790070336316,fideos tallarin n 5 matarazzo 500g,1916.0,
2026-07-17,coto,almacen,7790199000013,harina trigo 000 morixe 1kg,1110.0,
2026-07-17,coto,almacen,7792540250450,azucar superior real ledesma 1kg,1567.0,
2026-07-17,coto,almacen,7730945980039,yerba mate clasica libre 1kg,6636.0,
2026-07-17,coto,almacen,7790150037041,cafe molido tostado la virginia 250g,13252.0,
2026-07-17,coto,almacen,7790580146115,pure de tomate arcor 520g,1110.0,
2026-07-17,coto,almacen,7790072001014,sal fina celusal 500g,1549.0,
2026-07-17,coto,bebidas,7790895000997,gaseosa coca cola sabor original 2 25 lt,4845.0,
2026-07-17,coto,bebidas,7799155000197,agua sin gas mineral villavicencio 2000c,3050.0,
2026-07-17,coto,bebidas,7792798007387,cerveza quilmes botella 1 l,4326.0,
2026-07-17,coto,carnes,2069607000002,picada especial x kg,10499.0,
2026-07-17,coto,carnes,2000000127910,pollo entero fresco x uni 4 kg refrigerado,17596.0,
2026-07-17,coto,carnes,2003836100003,paleta cocida feteada paladini xkg,14999.0,
2026-07-17,coto,lacteos,7790742363008,leche larga vida entera ua clasica 3 la serenisima 1l,2809.0,
2026-07-17,coto,lacteos,7798321152333,yogur bebible descremado sabor frutilla sancor vida 900g,3125.0,
2026-07-17,coto,lacteos,2000199000001,queso cremoso fraccionado la paulina xkg,9399.0,
2026-07-17,coto,lacteos,7793940054006,manteca la serenisima 200gr,4819.0,
2026-07-17,coto,lacteos,7792062000021,huevo blanco extra 12u,4090.0,
2026-07-17,coto,limpieza,7790990003039,detergente magistral ultra limon botella 500ml,5049.99,
2026-07-17,coto,limpieza,7793253006709,lavandina original ayudin 2l,2761.99,
2026-07-17,coto,limpieza,7790250026075,papel higienico elite ultra suave doble hoja 30 m 4 un,5249.99,
2026-07-17,coto,limpieza,7791290796829,jabon en polvo matic a mano lavado total con bicarbonato ala 800 g,3321.99,
2026-07-17,coto,panificados,7793890261233,pan blanco bimbo 400g,6022.0,
2026-07-17,coto,panificados,7790040143937,galletitas saladas sabor original traviata 96g,898.0,
2026-07-20,coto,almacen,7790272001029,aceite girasol natura botella 1 5 l,6975.0,
2026-07-20,coto,almacen,7791120100857,arroz blanco largo fino molinos ala 1kg,2500.0,
2026-07-20,coto,almacen,7790070336316,fideos tallarin n 5 matarazzo 500g,1916.0,
2026-07-20,coto,almacen,7790199000013,harina trigo 000 morixe 1kg,1110.0,
2026-07-20,coto,almacen,7792540250450,azucar superior real ledesma 1kg,1567.0,
2026-07-20,coto,almacen,7730945980039,yerba mate clasica libre 1kg,6636.0,
2026-07-20,coto,almacen,7790150037140,cafe molido tostado sutil la virginia 250g,13252.0,
2026-07-20,coto,almacen,7790580146115,pure de tomate arcor 520g,1110.0,
2026-07-20,coto,almacen,7790072001014,sal fina celusal 500g,1549.0,
2026-07-20,coto,bebidas,7790895000997,gaseosa coca cola sabor original 2 25 lt,4845.0,
2026-07-20,coto,bebidas,7799155000197,agua sin gas mineral villavicencio 2000c,3050.0,
2026-07-20,coto,bebidas,7792798007387,cerveza quilmes botella 1 l,4580.0,
2026-07-20,coto,carnes,2069607000002,picada especial x kg,10499.0,
2026-07-20,coto,carnes,2000000127910,pollo entero fresco x uni 4 kg refrigerado,17596.0,
2026-07-20,coto,carnes,2003836100003,paleta cocida feteada paladini xkg,14999.0,
2026-07-20,coto,lacteos,7790742363008,leche larga vida entera ua clasica 3 la serenisima 1l,2809.0,
2026-07-20,coto,lacteos,7798321152333,yogur bebible descremado sabor frutilla sancor vida 900g,3125.0,
2026-07-20,coto,lacteos,2000199000001,queso cremoso fraccionado la paulina xkg,9399.0,
2026-07-20,coto,lacteos,7793940054006,manteca la serenisima 200gr,4819.0,
2026-07-20,coto,lacteos,7798187930045,huevo blanco grande maple cyclamen 30u,7990.0,
2026-07-20,coto,limpieza,7790990003039,detergente magistral ultra limon botella 500ml,5049.99,
2026-07-20,coto,limpieza,7793253006709,lavandina original ayudin 2l,2761.99,
2026-07-20,coto,limpieza,7790250026075,papel higienico elite ultra suave doble hoja 30 m 4 un,5249.99,
2026-07-20,coto,limpieza,7791290796829,jabon en polvo matic a mano lavado total con bicarbonato ala 800 g,3321.99,
2026-07-20,coto,panificados,7793890261233,pan blanco bimbo 400g,6022.0,
2026-07-20,coto,panificados,7790040143937,galletitas saladas sabor original traviata 96g,898.0,
2026-07-21,coto,almacen,7790272001029,aceite girasol natura botella 1 5 l,6975.0,
2026-07-21,coto,almacen,7791120100857,arroz blanco largo fino molinos ala 1kg,2500.0,
2026-07-21,coto,almacen,7790070336316,fideos tallarin n 5 matarazzo 500g,1916.0,
2026-07-21,coto,almacen,7790199000013,harina trigo 000 morixe 1kg,1110.0,
2026-07-21,coto,almacen,7792540250450,azucar superior real ledesma 1kg,1567.0,
2026-07-21,coto,almacen,7730945980039,yerba mate clasica libre 1kg,6636.0,
2026-07-21,coto,almacen,7790150037041,cafe molido tostado la virginia 250g,8262.0,
2026-07-21,coto,almacen,7790580146115,pure de tomate arcor 520g,1110.0,
2026-07-21,coto,almacen,7790072001014,sal fina celusal 500g,1549.0,
2026-07-21,coto,bebidas,7790895000997,gaseosa coca cola sabor original 2 25 lt,4845.0,
2026-07-21,coto,bebidas,7799155000197,agua sin gas mineral villavicencio 2000c,1949.0,
2026-07-21,coto,bebidas,7792798007387,cerveza quilmes botella 1 l,4580.0,
2026-07-21,coto,carnes,2069607000002,picada especial x kg,10499.0,
2026-07-21,coto,carnes,2000000127910,pollo entero fresco x uni 4 kg refrigerado,17596.0,
2026-07-21,coto,carnes,2003836100003,paleta cocida feteada paladini xkg,14559.0,
2026-07-21,coto,lacteos,7790742363008,leche larga vida entera ua clasica 3 la serenisima 1l,2809.0,
2026-07-21,coto,lacteos,7798321152333,yogur bebible descremado sabor frutilla sancor vida 900g,3125.0,
2026-07-21,coto,lacteos,2000199000001,queso cremoso fraccionado la paulina xkg,12599.0,
2026-07-21,coto,lacteos,7793940054006,manteca la serenisima 200gr,4819.0,
2026-07-21,coto,lacteos,7798187930045,huevo blanco grande maple cyclamen 30u,9450.0,
2026-07-21,coto,limpieza,7790990003039,detergente magistral ultra limon botella 500ml,5049.99,
2026-07-21,coto,limpieza,7793253006709,lavandina original ayudin 2l,2925.99,
2026-07-21,coto,limpieza,7790250026075,papel higienico elite ultra suave doble hoja 30 m 4 un,5617.99,
2026-07-21,coto,limpieza,7791290796829,jabon en polvo matic a mano lavado total con bicarbonato ala 800 g,3321.99,
2026-07-21,coto,panificados,7793890261233,pan blanco bimbo 400g,6022.0,
2026-07-21,coto,panificados,7790040143937,galletitas saladas sabor original traviata 96g,898.0,
2026-07-22,coto,almacen,7790272001029,aceite girasol natura botella 1 5 l,6975.0,
2026-07-22,coto,almacen,7791120100857,arroz blanco largo fino molinos ala 1kg,2500.0,
2026-07-22,coto,almacen,7790070336316,fideos tallarin n 5 matarazzo 500g,1916.0,
2026-07-22,coto,almacen,7790199000013,harina trigo 000 morixe 1kg,1110.0,
2026-07-22,coto,almacen,7792540250450,azucar superior real ledesma 1kg,1567.0,
2026-07-22,coto,almacen,7730945980039,yerba mate clasica libre 1kg,6636.0,
2026-07-22,coto,almacen,7790150037041,cafe molido tostado la virginia 250g,8262.0,
2026-07-22,coto,almacen,7790580146115,pure de tomate arcor 520g,1110.0,
2026-07-22,coto,almacen,7790072001014,sal fina celusal 500g,1549.0,
2026-07-22,coto,bebidas,7790895000997,gaseosa coca cola sabor original 2 25 lt,4845.0,
2026-07-22,coto,bebidas,7799155000197,agua sin gas mineral villavicencio 2000c,1949.0,
2026-07-22,coto,bebidas,7792798007387,cerveza quilmes botella 1 l,4580.0,
2026-07-22,coto,carnes,2069607000002,picada especial x kg,10499.0,
2026-07-22,coto,carnes,2000000127910,pollo entero fresco x uni 4 kg refrigerado,17596.0,
2026-07-22,coto,carnes,2003836100003,paleta cocida feteada paladini xkg,14559.0,
2026-07-22,coto,lacteos,7790742363008,leche larga vida entera ua clasica 3 la serenisima 1l,2809.0,
2026-07-22,coto,lacteos,7798321152333,yogur bebible descremado sabor frutilla sancor vida 900g,3125.0,
2026-07-22,coto,lacteos,2000199000001,queso cremoso fraccionado la paulina xkg,12599.0,
2026-07-22,coto,lacteos,7793940054006,manteca la serenisima 200gr,4819.0,
2026-07-22,coto,lacteos,7798187930045,huevo blanco grande maple cyclamen 30u,9450.0,
2026-07-22,coto,limpieza,7790990003039,detergente magistral ultra limon botella 500ml,5049.99,
2026-07-22,coto,limpieza,7793253006709,lavandina original ayudin 2l,2925.99,
2026-07-22,coto,limpieza,7790250026075,papel higienico elite ultra suave doble hoja 30 m 4 un,5617.99,
2026-07-22,coto,limpieza,7791290796829,jabon en polvo matic a mano lavado total con bicarbonato ala 800 g,3321.99,
2026-07-22,coto,panificados,7793890261233,pan blanco bimbo 400g,6022.0,
2026-07-22,coto,panificados,7790040143937,galletitas saladas sabor original traviata 96g,898.0,
2026-07-23,coto,almacen,7790272001029,aceite girasol natura botella 1 5 l,6975.0,
2026-07-23,coto,almacen,7791120100857,arroz blanco largo fino molinos ala 1kg,2500.0,
2026-07-23,coto,almacen,7790070336316,fideos tallarin n 5 matarazzo 500g,1916.0,
2026-07-23,coto,almacen,7790199000013,harina trigo 000 morixe 1kg,1110.0,
2026-07-23,coto,almacen,7792540250450,azucar superior real ledesma 1kg,1567.0,
2026-07-23,coto,almacen,7790387120349,yerba mate ytacua 1000g,1756.78,
2026-07-23,coto,almacen,7790150037041,cafe molido tostado la virginia 250g,8262.0,
2026-07-23,coto,almacen,7790580146115,pure de tomate arcor 520g,1110.0,
2026-07-23,coto,almacen,7790072001014,sal fina celusal 500g,1549.0,
2026-07-23,coto,bebidas,7790895000997,gaseosa coca cola sabor original 2 25 lt,4845.0,
2026-07-23,coto,bebidas,7799155000197,agua sin gas mineral villavicencio 2000c,1949.0,
2026-07-23,coto,bebidas,7792798007387,cerveza quilmes botella 1 l,4580.0,
2026-07-23,coto,carnes,2069607000002,picada especial x kg,10499.0,
2026-07-23,coto,carnes,2000000127910,pollo entero fresco x uni 4 kg refrigerado,17596.0,
2026-07-23,coto,carnes,2003836100003,paleta cocida feteada paladini xkg,14559.0,
2026-07-23,coto,lacteos,7790742363008,leche larga vida entera ua clasica 3 la serenisima 1l,2809.0,
2026-07-23,coto,lacteos,7798321152333,yogur bebible descremado sabor frutilla sancor vida 900g,3125.0,
2026-07-23,coto,lacteos,2000199000001,queso cremoso fraccionado la paulina xkg,12599.0,
2026-07-23,coto,lacteos,7793940054006,manteca la serenisima 200gr,4819.0,
2026-07-23,coto,lacteos,7798092353120,huevo blanco maple x 30u,7890.0,
2026-07-23,coto,limpieza,7790990003039,detergente magistral ultra limon botella 500ml,5049.99,
2026-07-23,coto,limpieza,7793253006709,lavandina original ayudin 2l,2925.99,
2026-07-23,coto,limpieza,7790250026075,papel higienico elite ultra suave doble hoja 30 m 4 un,5617.99,
2026-07-23,coto,limpieza,7791290796829,jabon en polvo matic a mano lavado total con bicarbonato ala 800 g,3321.99,
2026-07-23,coto,panificados,7793890261233,pan blanco bimbo 400g,6022.0,
2026-07-23,coto,panificados,7790040143937,galletitas saladas sabor original traviata 96g,898.0,
2026-07-24,coto,almacen,7790272001029,aceite girasol natura botella 1 5 l,6975.0,
2026-07-24,coto,almacen,7791120100857,arroz blanco largo fino molinos ala 1kg,2500.0,
2026-07-24,coto,almacen,7790070336316,fideos tallarin n 5 matarazzo 500g,1916.0,
2026-07-24,coto,almacen,7790199000013,harina trigo 000 morixe 1kg,1110.0,
2026-07-24,coto,almacen,7792540250450,azucar superior real ledesma 1kg,1567.0,
2026-07-24,coto,almacen,7790387120349,yerba mate ytacua 1000g,1756.78,
2026-07-24,coto,almacen,7790150037041,cafe molido tostado la virginia 250g,8262.0,
2026-07-24,coto,almacen,7790580146115,pure de tomate arcor 520g,1110.0,
2026-07-24,coto,almacen,7790072001014,sal fina celusal 500g,1549.0,
2026-07-24,coto,bebidas,7790895000997,gaseosa coca cola sabor original 2 25 lt,4845.0,
2026-07-24,coto,bebidas,7799155000197,agua sin gas mineral villavicencio 2000c,1949.0,
2026-07-24,coto,bebidas,7792798007387,cerveza quilmes botella 1 l,4580.0,
2026-07-24,coto,carnes,2069607000002,picada especial x kg,10499.0,
2026-07-24,coto,carnes,2000000127910,pollo entero fresco x uni 4 kg refrigerado,17596.0,
2026-07-24,coto,carnes,2003836100003,paleta cocida feteada paladini xkg,14559.0,
2026-07-24,coto,lacteos,7790742363008,leche larga vida entera ua clasica 3 la serenisima 1l,2809.0,
2026-07-24,coto,lacteos,7798321152333,yogur bebible descremado sabor frutilla sancor vida 900g,3125.0,
2026-07-24,coto,lacteos,2000199000001,queso cremoso fraccionado la paulina xkg,12599.0,
2026-07-24,coto,lacteos,7793940054006,manteca la serenisima 200gr,4819.0,
2026-07-24,coto,lacteos,7798092353120,huevo blanco maple x 30u,7890.0,
2026-07-24,coto,limpieza,7790990003039,detergente magistral ultra limon botella 500ml,5049.99,
2026-07-24,coto,limpieza,7793253006709,lavandina original ayudin 2l,2925.99,
2026-07-24,coto,limpieza,7790250026075,papel higienico elite ultra suave doble hoja 30 m 4 un,5617.99,
2026-07-24,coto,limpieza,7791290796829,jabon en polvo matic a mano lavado total con bicarbonato ala 800 g,3321.99,
2026-07-24,coto,panificados,7793890261233,pan blanco bimbo 400g,6022.0,
2026-07-24,coto,panificados,7790040143937,galletitas saladas sabor original traviata 96g,898.0,
2026-07-25,carrefour,almacen,7790272001029,aceite girasol natura botella 1 5 l,6975.0,
2026-07-25,carrefour,almacen,7791120031557,arroz largo fino molinos ala 1 kg,1819.0,
2026-07-25,carrefour,almacen,7790070336316,fideos tallarin n 5 matarazzo 500g,1892.31,1230.0
2026-07-25,carrefour,almacen,7790199000013,harina trigo 000 morixe 1kg,1049.0,
2026-07-25,carrefour,almacen,7790387013498,yerba mate sin palo 4flex taragui 1 kg,6519.0,
2026-07-25,carrefour,almacen,7790150007501,cafe tostado molido la virginia 250 grs,8259.0,
2026-07-25,carrefour,almacen,7790580146115,pure de tomate arcor 520g,1110.0,
2026-07-25,carrefour,almacen,7790072001014,sal fina celusal 500g,1549.0,
2026-07-25,carrefour,bebidas,7790895000997,gaseosa coca cola sabor original 2 25 lt,5700.0,
2026-07-25,carrefour,bebidas,7799155000197,agua sin gas mineral villavicencio 2000c,2150.0,
2026-07-25,carrefour,bebidas,7792798007387,cerveza quilmes botella 1 l,4580.0,
2026-07-25,carrefour,carnes,2069607000002,picada especial x kg,12990.0,
2026-07-25,carrefour,carnes,2507384000001,pollo entero congelado x kg,3979.0,
2026-07-25,carrefour,carnes,2505246000008,paleta cocida paladini cristal x kg,24269.0,
2026-07-25,carrefour,lacteos,7790742363008,leche larga vida entera ua clasica 3 la serenisima 1l,2670.0,2099.0
2026-07-25,carrefour,lacteos,7798321152333,yogur bebible descremado sabor frutilla sancor vida 900g,3120.0,
2026-07-25,carrefour,lacteos,2505311000001,queso cremoso la paulina x kg,12589.0,
2026-07-25,carrefour,lacteos,7793940054006,manteca la serenisima 200gr,4819.0,3614.25
2026-07-25,carrefour,lacteos,7798033339411,huevos blanco el mercado plastico 12 uni,4790.0,4311.0
2026-07-25,carrefour,limpieza,7790990003039,detergente magistral ultra limon botella 500ml,4189.0,2722.85
2026-07-25,carrefour,limpieza,7793253006709,lavandina original ayudin 2l,2849.0,
2026-07-25,carrefour,limpieza,7790250026075,papel higienico elite ultra suave doble hoja 30 m 4 un,4745.0,
2026-07-25,carrefour,limpieza,7791290796829,jabon en polvo matic a mano lavado total con bicarbonato ala 800 g,3319.0,2157.35
2026-07-25,carrefour,panificados,7793890261233,pan blanco bimbo 400g,6020.0,4515.0
2026-07-25,carrefour,panificados,7790040143937,galletitas saladas sabor original traviata 96g,899.0,
2026-07-25,coto,almacen,7790272001029,aceite girasol natura botella 1 5 l,6975.0,
2026-07-25,coto,almacen,7791120100857,arroz blanco largo fino molinos ala 1kg,2500.0,
2026-07-25,coto,almacen,7790070336316,fideos tallarin n 5 matarazzo 500g,1916.0,
2026-07-25,coto,almacen,7790199000013,harina trigo 000 morixe 1kg,1110.0,
2026-07-25,coto,almacen,7792540250450,azucar superior real ledesma 1kg,1567.0,
2026-07-25,coto,almacen,7790387120349,yerba mate ytacua 1000g,1756.78,
2026-07-25,coto,almacen,7790150007501,cafe tostado molido la virginia 250 grs,8262.0,
2026-07-25,coto,almacen,7790580146115,pure de tomate arcor 520g,1110.0,
2026-07-25,coto,almacen,7790072001014,sal fina celusal 500g,1549.0,
2026-07-25,coto,bebidas,7790895000997,gaseosa coca cola sabor original 2 25 lt,4845.0,
2026-07-25,coto,bebidas,7799155000197,agua sin gas mineral villavicencio 2000c,1949.0,
2026-07-25,coto,bebidas,7792798007387,cerveza quilmes botella 1 l,4580.0,
2026-07-25,coto,carnes,2069607000002,picada especial x kg,10499.0,
2026-07-25,coto,carnes,2000000127910,pollo entero fresco x uni 4 kg refrigerado,17596.0,
2026-07-25,coto,carnes,2003836100003,paleta cocida feteada paladini xkg,14559.0,
2026-07-25,coto,lacteos,7790742363008,leche larga vida entera ua clasica 3 la serenisima 1l,2809.0,
2026-07-25,coto,lacteos,7798321152333,yogur bebible descremado sabor frutilla sancor vida 900g,3125.0,
2026-07-25,coto,lacteos,2000199000001,queso cremoso fraccionado la paulina xkg,12599.0,
2026-07-25,coto,lacteos,7793940054006,manteca la serenisima 200gr,4819.0,
2026-07-25,coto,lacteos,7798187930045,huevo blanco grande maple cyclamen 30u,7990.0,
2026-07-25,coto,limpieza,7790990003039,detergente magistral ultra limon botella 500ml,5049.99,
2026-07-25,coto,limpieza,7793253006709,lavandina original ayudin 2l,2925.99,
2026-07-25,coto,limpieza,7790250026075,papel higienico elite ultra suave doble hoja 30 m 4 un,5617.99,
2026-07-25,coto,limpieza,7791290796829,jabon en polvo matic a mano lavado total con bicarbonato ala 800 g,3321.99,
2026-07-25,coto,panificados,7793890261233,pan blanco bimbo 400g,6022.0,
2026-07-25,coto,panificados,7790040143937,galletitas saladas sabor original traviata 96g,898.0,
2026-07-25,dia,almacen,7790272001029,aceite girasol natura botella 1 5 l,7460.0,6975.0
2026-07-25,dia,almacen,7791120031564,arroz largo fino molinos ala 500 gr,1140.0,850.0
2026-07-25,dia,almacen,7790070336316,fideos tallarin n 5 matarazzo 500g,1915.0,
2026-07-25,dia,almacen,7790199604075,harina de trigo fotivac morixe 000 1 kg,1110.0,
2026-07-25,dia,almacen,7792540250450,azucar superior real ledesma 1kg,1565.0,
2026-07-25,dia,almacen,7790387013610,yerba mate taragui 4 flex 1 kg,5369.0,
2026-07-25,dia,almacen,7790150007501,cafe tostado molido la virginia 250 grs,8259.0,
2026-07-25,dia,almacen,7790580146115,pure de tomate arcor 520g,1198.0,
2026-07-25,dia,almacen,7790072001014,sal fina celusal 500g,1672.0,1160.0
2026-07-25,dia,bebidas,7790895000997,gaseosa coca cola sabor original 2 25 lt,5700.0,
2026-07-25,dia,bebidas,7799155000197,agua sin gas mineral villavicencio 2000c,3050.0,1980.0
2026-07-25,dia,bebidas,7792798014835,cerveza quilmes 710 ml,3706.0,3000.0
2026-07-25,dia,carnes,7793281492468,carne picada especial atmosfera modificada 500 gr,11000.0,
2026-07-25,dia,carnes,2490164000000,pollo entero x kg,4390.0,
2026-07-25,dia,lacteos,7790742363008,leche larga vida entera ua clasica 3 la serenisima 1l,2805.0,
2026-07-25,dia,lacteos,7791337009639,yogur bebible sabor frutilla ser 900 gr,6120.0,
2026-07-25,dia,lacteos,2505311000001,queso cremoso la paulina x kg,16430.0,
2026-07-25,dia,lacteos,7793940054006,manteca la serenisima 200gr,4819.0,3600.0
2026-07-25,dia,lacteos,7798064180143,huevo blanco grande 12 ud,4190.0,
2026-07-25,dia,limpieza,7790990003039,detergente magistral ultra limon botella 500ml,4189.0,
2026-07-25,dia,limpieza,7793253006709,lavandina original ayudin 2l,2950.0,
2026-07-25,dia,limpieza,7790250026075,papel higienico elite ultra suave doble hoja 30 m 4 un,5615.0,
2026-07-25,dia,limpieza,7791290796829,jabon en polvo matic a mano lavado total con bicarbonato ala 800 g,3320.0,
2026-07-25,dia,panificados,7793890262131,pan blanco bimbo 580 gr,8099.0,
2026-07-25,dia,panificados,7790040143937,galletitas saladas sabor original traviata 96g,1063.0,
2026-07-25,jumbo,almacen,7790272001029,aceite girasol natura botella 1 5 l,7463.0,
2026-07-25,jumbo,almacen,7791120100857,arroz blanco largo fino molinos ala 1kg,2850.0,
2026-07-25,jumbo,almacen,7790070336316,fideos tallarin n 5 matarazzo 500g,1911.0,
2026-07-25,jumbo,almacen,7790199000013,harina trigo 000 morixe 1kg,1150.0,
2026-07-25,jumbo,almacen,7792540250450,azucar superior real ledesma 1kg,2234.39,
2026-07-25,jumbo,almacen,7790387120349,yerba mate ytacua 1000g,1307.19,
2026-07-25,jumbo,almacen,7790150007501,cafe tostado molido la virginia 250 grs,8024.89,
2026-07-25,jumbo,almacen,7790580146115,pure de tomate arcor 520g,1199.0,
2026-07-25,jumbo,almacen,7790072001014,sal fina celusal 500g,1650.0,
2026-07-25,jumbo,bebidas,7790895000997,gaseosa coca cola sabor original 2 25 lt,5700.0,
2026-07-25,jumbo,bebidas,7799155000197,agua sin gas mineral villavicencio 2000c,2527.0,
2026-07-25,jumbo,bebidas,7792798007387,cerveza quilmes botella 1 l,4580.0,
2026-07-25,jumbo,carnes,2541751000003,carne vacuna picada especial la hacienda,10999.0,
2026-07-25,jumbo,carnes,2582916000001,pollo entero con menudos 1 8 kg,3499.0,
2026-07-25,jumbo,carnes,7790079022616,paleta cocida fetas finas 200 grs paladini,8650.0,
2026-07-25,jumbo,lacteos,7790742363008,leche larga vida entera ua clasica 3 la serenisima 1l,2799.0,
2026-07-25,jumbo,lacteos,7798321152333,yogur bebible descremado sabor frutilla sancor vida 900g,3000.0,
2026-07-25,jumbo,lacteos,2593136000009,queso cremoso x 1 kg la serenisima cremon,14900.0,
2026-07-25,jumbo,lacteos,7793940054006,manteca la serenisima 200gr,4819.0,
2026-07-25,jumbo,lacteos,7798092353120,huevo blanco maple x 30u,9350.0,
2026-07-25,jumbo,limpieza,7790990003039,detergente magistral ultra limon botella 500ml,4558.0,
2026-07-25,jumbo,limpieza,7793253006709,lavandina original ayudin 2l,3366.45,
2026-07-25,jumbo,limpieza,7790250026075,papel higienico elite ultra suave doble hoja 30 m 4 un,5600.0,
2026-07-25,jumbo,limpieza,7791290796829,jabon en polvo matic a mano lavado total con bicarbonato ala 800 g,3650.0,
2026-07-25,jumbo,panificados,7793890261233,pan blanco bimbo 400g,6300.0,
2026-07-25,jumbo,panificados,7790040143937,galletitas saladas sabor original traviata 96g,1100.0,
2026-07-26,carrefour,almacen,7790272001029,aceite girasol natura botella 1 5 l,6975.0,
2026-07-26,carrefour,almacen,7791120031557,arroz largo fino molinos ala 1 kg,1819.0,
2026-07-26,carrefour,almacen,7790070336316,fideos tallarin n 5 matarazzo 500g,1892.31,1230.0
2026-07-26,carrefour,almacen,7790199000013,harina trigo 000 morixe 1kg,1049.0,
2026-07-26,carrefour,almacen,7790387013498,yerba mate sin palo 4flex taragui 1 kg,6519.0,
2026-07-26,carrefour,almacen,7790150007501,cafe tostado molido la virginia 250 grs,8259.0,
2026-07-26,carrefour,almacen,7790580146115,pure de tomate arcor 520g,1110.0,
2026-07-26,carrefour,almacen,7790072001014,sal fina celusal 500g,1549.0,
2026-07-26,carrefour,almacen,7790580132224,mermelada light de durazno arcor 390 grs,3379.0,
2026-07-26,carrefour,almacen,7790580138769,atun en aceite la campagnola en lata 300 g,9079.0,
2026-07-26,carrefour,almacen,7794000007109,mayonesa liviana hellmanns dp 475 g,2999.0,
2026-07-26,carrefour,almacen,7790580138738,polenta instantanea presto pronta en bolsa 490 g,1599.0,
2026-07-26,carrefour,almacen,7792170555543,avena tradicional quaker en caja 550 grs,3240.0,
2026-07-26,carrefour,almacen,7790310985588,papas fritas lays clasicas 330 g,9979.0,
2026-07-26,carrefour,bebidas,7790895000997,gaseosa coca cola sabor original 2 25 lt,5700.0,
2026-07-26,carrefour,bebidas,7799155000197,agua sin gas mineral villavicencio 2000c,2150.0,
2026-07-26,carrefour,bebidas,7792798007387,cerveza quilmes botella 1 l,4580.0,
2026-07-26,carrefour,bebidas,7790314054099,vino tinto dulce toro brick 1 lt,2729.0,
2026-07-26,carrefour,bebidas,7622201735340,jugo en polvo tang naranja dulce 15 g,550.0,
2026-07-26,carrefour,bebidas,7790895064166,gaseosa lima limon sprite zero 2 25 lts,5700.0,
2026-07-26,carrefour,carnes,2069607000002,picada especial x kg,12990.0,
2026-07-26,carrefour,carnes,2507384000001,pollo entero congelado x kg,3979.0,
2026-07-26,carrefour,carnes,2505246000008,paleta cocida paladini cristal x kg,24269.0,
2026-07-26,carrefour,lacteos,7790742363008,leche larga vida entera ua clasica 3 la serenisima 1l,2670.0,2099.0
2026-07-26,carrefour,lacteos,7798321152333,yogur bebible descremado sabor frutilla sancor vida 900g,3120.0,
2026-07-26,carrefour,lacteos,2505311000001,queso cremoso la paulina x kg,12589.0,
2026-07-26,carrefour,lacteos,7793940054006,manteca la serenisima 200gr,4819.0,3614.25
2026-07-26,carrefour,lacteos,7798159716257,huevo blanco carrefour maple x 30 uni,9090.0,
2026-07-26,carrefour,lacteos,7790742625205,dulce de leche la serenisima colonial 400 g,4615.0,
2026-07-26,carrefour,lacteos,7790742014122,crema la serenisima para batir 520 cc,6999.0,
2026-07-26,carrefour,lacteos,7794820015247,queso rallado milkaut 120 g,5750.0,
2026-07-26,carrefour,limpieza,7790990003039,detergente magistral ultra limon botella 500ml,4189.0,2722.85
2026-07-26,carrefour,limpieza,7793253006709,lavandina original ayudin 2l,2849.0,
2026-07-26,carrefour,limpieza,7790250026075,papel higienico elite ultra suave doble hoja 30 m 4 un,4745.0,
2026-07-26,carrefour,limpieza,7791290796829,jabon en polvo matic a mano lavado total con bicarbonato ala 800 g,3319.0,2157.35
2026-07-26,carrefour,limpieza,7791293045658,shampoo sedal ceramidas 190 cc,3929.0,2946.75
2026-07-26,carrefour,limpieza,7891024135020,pasta dental colgate total whitening con fluor 90 grs,6600.0,4290.0
2026-07-26,carrefour,limpieza,7891150046481,jabon de tocador dove original multipack x3 90 grs,7265.0,
2026-07-26,carrefour,limpieza,7790250022053,rollo de cocina elite ultra absorbente 60 panos 3 uni,4300.0,
2026-07-26,carrefour,panificados,7793890261233,pan blanco bimbo 400g,6020.0,4515.0
2026-07-26,carrefour,panificados,7790040143937,galletitas saladas sabor original traviata 96g,899.0,
2026-07-26,carrefour,panificados,7622201735258,galletitas oreo rellenas con crema sabor original 354 g,6370.0,
2026-07-26,carrefour,panificados,7792200000159,bizcochos 9 de oro de grasa 200 g,1389.0,
2026-07-26,coto,almacen,7790272001029,aceite girasol natura botella 1 5 l,6975.0,
2026-07-26,coto,almacen,7791120100857,arroz blanco largo fino molinos ala 1kg,2500.0,
2026-07-26,coto,almacen,7790070336316,fideos tallarin n 5 matarazzo 500g,1916.0,
2026-07-26,coto,almacen,7790199000013,harina trigo 000 morixe 1kg,1110.0,
2026-07-26,coto,almacen,7792540250450,azucar superior real ledesma 1kg,1567.0,
2026-07-26,coto,almacen,7790387120349,yerba mate ytacua 1000g,1756.78,
2026-07-26,coto,almacen,7790150007501,cafe tostado molido la virginia 250 grs,8262.0,
2026-07-26,coto,almacen,7790580146115,pure de tomate arcor 520g,1110.0,
2026-07-26,coto,almacen,7790072001014,sal fina celusal 500g,1549.0,
2026-07-26,coto,almacen,7790580132224,mermelada light de durazno arcor 390 grs,3379.0,
2026-07-26,coto,almacen,7793360982309,arveja secas remojadas la campagnola lat 300 grm,94.9,
2026-07-26,coto,almacen,7790580138769,atun en aceite la campagnola en lata 300 g,9082.0,
2026-07-26,coto,almacen,7794000007109,mayonesa liviana hellmanns dp 475 g,2999.0,
2026-07-26,coto,almacen,7790580138738,polenta instantanea presto pronta en bolsa 490 g,1599.0,
2026-07-26,coto,almacen,7792170555543,avena tradicional quaker en caja 550 grs,3240.1,
2026-07-26,coto,almacen,7790310985588,papas fritas lays clasicas 330 g,9979.0,
2026-07-26,coto,bebidas,7790895000997,gaseosa coca cola sabor original 2 25 lt,4845.0,
2026-07-26,coto,bebidas,7799155000197,agua sin gas mineral villavicencio 2000c,1949.0,
2026-07-26,coto,bebidas,7792798007387,cerveza quilmes botella 1 l,4580.0,
2026-07-26,coto,bebidas,7790314074219,vino tinto clasico toro bot 1125 ltr,1959.03,
2026-07-26,coto,bebidas,7622201735340,jugo en polvo tang naranja dulce 15 g,550.0,
2026-07-26,coto,bebidas,7790895064166,gaseosa lima limon sprite zero 2 25 lts,5700.0,
2026-07-26,coto,carnes,2069607000002,picada especial x kg,10499.0,
2026-07-26,coto,carnes,2000000127910,pollo entero fresco x uni 4 kg refrigerado,17596.0,
2026-07-26,coto,carnes,2003836100003,paleta cocida feteada paladini xkg,14559.0,
2026-07-26,coto,lacteos,7790742363008,leche larga vida entera ua clasica 3 la serenisima 1l,2809.0,
2026-07-26,coto,lacteos,7798321152333,yogur bebible descremado sabor frutilla sancor vida 900g,3125.0,
2026-07-26,coto,lacteos,2000199000001,queso cremoso fraccionado la paulina xkg,12599.0,
2026-07-26,coto,lacteos,7793940054006,manteca la serenisima 200gr,4819.0,
2026-07-26,coto,lacteos,7798092353120,huevo blanco maple x 30u,7890.0,
2026-07-26,coto,lacteos,7790742625205,dulce de leche la serenisima colonial 400 g,4615.0,
2026-07-26,coto,lacteos,7790742014122,crema la serenisima para batir 520 cc,7349.0,
2026-07-26,coto,lacteos,7790080014198,queso rallado coto 150g,6779.0,
2026-07-26,coto,limpieza,7790990003039,detergente magistral ultra limon botella 500ml,5049.99,
2026-07-26,coto,limpieza,7793253006709,lavandina original ayudin 2l,2925.99,
2026-07-26,coto,limpieza,7790250026075,papel higienico elite ultra suave doble hoja 30 m 4 un,5617.99,
2026-07-26,coto,limpieza,7791290796829,jabon en polvo matic a mano lavado total con bicarbonato ala 800 g,3321.99,
2026-07-26,coto,limpieza,7791293045658,shampoo sedal ceramidas 190 cc,3929.99,
2026-07-26,coto,limpieza,7891024135020,pasta dental colgate total whitening con fluor 90 grs,6610.99,
2026-07-26,coto,limpieza,7891150046481,jabon de tocador dove original multipack x3 90 grs,7299.99,
2026-07-26,coto,limpieza,7790250022053,rollo de cocina elite ultra absorbente 60 panos 3 uni,3454.99,
2026-07-26,coto,panificados,7793890261233,pan blanco bimbo 400g,6022.0,
2026-07-26,coto,panificados,7790040143937,galletitas saladas sabor original traviata 96g,898.0,
2026-07-26,coto,panificados,7622201735258,galletitas oreo rellenas con crema sabor original 354 g,6650.0,
2026-07-26,coto,panificados,7792200000159,bizcochos 9 de oro de grasa 200 g,1519.0,
2026-07-26,dia,almacen,7790272001029,aceite girasol natura botella 1 5 l,7460.0,
2026-07-26,dia,almacen,7791120031564,arroz largo fino molinos ala 500 gr,1140.0,850.0
2026-07-26,dia,almacen,7790070336316,fideos tallarin n 5 matarazzo 500g,1915.0,
2026-07-26,dia,almacen,7790199604075,harina de trigo fotivac morixe 000 1 kg,1110.0,
2026-07-26,dia,almacen,7792540250450,azucar superior real ledesma 1kg,1565.0,
2026-07-26,dia,almacen,7790387013610,yerba mate taragui 4 flex 1 kg,5369.0,
2026-07-26,dia,almacen,7790150007501,cafe tostado molido la virginia 250 grs,8259.0,
2026-07-26,dia,almacen,7790580146115,pure de tomate arcor 520g,1198.0,
2026-07-26,dia,almacen,7790072001014,sal fina celusal 500g,1672.0,1160.0
2026-07-26,dia,almacen,7790580132224,mermelada light de durazno arcor 390 grs,3650.0,
2026-07-26,dia,almacen,7793360132384,arvejas secas la campagnola 300 gr,1549.0,
2026-07-26,dia,almacen,7790580131357,atun en aceite la campagnola 170 gr,6280.0,
2026-07-26,dia,almacen,7794000007109,mayonesa liviana hellmanns dp 475 g,2998.0,2399.0
2026-07-26,dia,almacen,7790580138738,polenta instantanea presto pronta en bolsa 490 g,1635.0,1195.0
2026-07-26,dia,almacen,7792170555499,avena tradicional quaker 280 gr,2100.0,1680.0
2026-07-26,dia,almacen,7790310985458,papas fritas lays clasicas 85 gr,3850.0,2695.0
2026-07-26,dia,bebidas,7790895000997,gaseosa coca cola sabor original 2 25 lt,5700.0,
2026-07-26,dia,bebidas,7799155000197,agua sin gas mineral villavicencio 2000c,3050.0,1980.0
2026-07-26,dia,bebidas,7792798014835,cerveza quilmes 710 ml,3706.0,3000.0
2026-07-26,dia,bebidas,7790314079849,vino tinto toro 1 lt,3550.0,2990.0
2026-07-26,dia,bebidas,7622201735340,jugo en polvo tang naranja dulce 15 g,550.0,
2026-07-26,dia,bebidas,7790895064166,gaseosa lima limon sprite zero 2 25 lts,5700.0,
2026-07-26,dia,carnes,7793281492468,carne picada especial atmosfera modificada 500 gr,11000.0,
2026-07-26,dia,carnes,2490164000000,pollo entero x kg,4390.0,
2026-07-26,dia,lacteos,7790742363008,leche larga vida entera ua clasica 3 la serenisima 1l,2805.0,
2026-07-26,dia,lacteos,7791337009639,yogur bebible sabor frutilla ser 900 gr,6120.0,
2026-07-26,dia,lacteos,2505311000001,queso cremoso la paulina x kg,16430.0,
2026-07-26,dia,lacteos,7793940054006,manteca la serenisima 200gr,4819.0,3600.0
2026-07-26,dia,lacteos,7798064180143,huevo blanco grande 12 ud,4190.0,
2026-07-26,dia,lacteos,7790742625205,dulce de leche la serenisima colonial 400 g,4615.0,3461.25
2026-07-26,dia,lacteos,7790742014122,crema la serenisima para batir 520 cc,7349.0,5511.75
2026-07-26,dia,lacteos,7793913013511,queso rallado tregar 120 gr,5850.0,4390.0
2026-07-26,dia,limpieza,7790990003039,detergente magistral ultra limon botella 500ml,4189.0,
2026-07-26,dia,limpieza,7793253006709,lavandina original ayudin 2l,2950.0,
2026-07-26,dia,limpieza,7790250026075,papel higienico elite ultra suave doble hoja 30 m 4 un,5615.0,
2026-07-26,dia,limpieza,7791290796829,jabon en polvo matic a mano lavado total con bicarbonato ala 800 g,3320.0,
2026-07-26,dia,limpieza,7791293051420,shampoo luminous uv sedal 190 ml,3919.0,
2026-07-26,dia,limpieza,7891024135020,pasta dental colgate total whitening con fluor 90 grs,6600.0,4207.5
2026-07-26,dia,limpieza,7891150046481,jabon de tocador dove original multipack x3 90 grs,7289.0,
2026-07-26,dia,limpieza,7790250022053,rollo de cocina elite ultra absorbente 60 panos 3 uni,4805.0,3600.0
2026-07-26,dia,panificados,7793890262131,pan blanco bimbo 580 gr,8099.0,
2026-07-26,dia,panificados,7790040143937,galletitas saladas sabor original traviata 96g,1063.0,
2026-07-26,dia,panificados,7622201735258,galletitas oreo rellenas con crema sabor original 354 g,5659.0,
2026-07-26,dia,panificados,7792200000159,bizcochos 9 de oro de grasa 200 g,1519.0,
2026-07-26,jumbo,almacen,7790272001029,aceite girasol natura botella 1 5 l,7463.0,
2026-07-26,jumbo,almacen,7791120100857,arroz blanco largo fino molinos ala 1kg,2850.0,
2026-07-26,jumbo,almacen,7790070336316,fideos tallarin n 5 matarazzo 500g,1911.0,
2026-07-26,jumbo,almacen,7790199000013,harina trigo 000 morixe 1kg,1150.0,
2026-07-26,jumbo,almacen,7792540250450,azucar superior real ledesma 1kg,2234.39,
2026-07-26,jumbo,almacen,7790387120349,yerba mate ytacua 1000g,1307.19,
2026-07-26,jumbo,almacen,7790150007501,cafe tostado molido la virginia 250 grs,8024.89,
2026-07-26,jumbo,almacen,7790580146115,pure de tomate arcor 520g,1199.0,
2026-07-26,jumbo,almacen,7790072001014,sal fina celusal 500g,1650.0,
2026-07-26,jumbo,almacen,7790580132224,mermelada light de durazno arcor 390 grs,3800.0,
2026-07-26,jumbo,almacen,7793360982309,arveja secas remojadas la campagnola lat 300 grm,112.39,
2026-07-26,jumbo,almacen,7790580138769,atun en aceite la campagnola en lata 300 g,6950.0,
2026-07-26,jumbo,almacen,7794000007109,mayonesa liviana hellmanns dp 475 g,2999.0,
2026-07-26,jumbo,almacen,7790580138738,polenta instantanea presto pronta en bolsa 490 g,1850.0,
2026-07-26,jumbo,almacen,7792170555543,avena tradicional quaker en caja 550 grs,3550.0,
2026-07-26,jumbo,almacen,7790310985588,papas fritas lays clasicas 330 g,10450.0,
2026-07-26,jumbo,bebidas,7790895000997,gaseosa coca cola sabor original 2 25 lt,5700.0,
2026-07-26,jumbo,bebidas,7799155000197,agua sin gas mineral villavicencio 2000c,2527.0,
2026-07-26,jumbo,bebidas,7792798007387,cerveza quilmes botella 1 l,4580.0,
2026-07-26,jumbo,bebidas,7790314074219,vino tinto clasico toro bot 1125 ltr,990.29,
2026-07-26,jumbo,bebidas,7622201735340,jugo en polvo tang naranja dulce 15 g,550.0,
2026-07-26,jumbo,bebidas,7790895064166,gaseosa lima limon sprite zero 2 25 lts,5700.0,
2026-07-26,jumbo,carnes,2541751000003,carne vacuna picada especial la hacienda,10999.0,
2026-07-26,jumbo,carnes,2582916000001,pollo entero con menudos 1 8 kg,3499.0,
2026-07-26,jumbo,carnes,7790079022616,paleta cocida fetas finas 200 grs paladini,8650.0,
2026-07-26,jumbo,lacteos,7790742363008,leche larga vida entera ua clasica 3 la serenisima 1l,2799.0,
2026-07-26,jumbo,lacteos,7798321152333,yogur bebible descremado sabor frutilla sancor vida 900g,3000.0,
2026-07-26,jumbo,lacteos,2593136000009,queso cremoso x 1 kg la serenisima cremon,14900.0,
2026-07-26,jumbo,lacteos,7793940054006,manteca la serenisima 200gr,4819.0,
2026-07-26,jumbo,lacteos,7798092353120,huevo blanco maple x 30u,9350.0,
2026-07-26,jumbo,lacteos,7790742625205,dulce de leche la serenisima colonial 400 g,4650.0,
2026-07-26,jumbo,lacteos,7790742014122,crema la serenisima para batir 520 cc,7900.0,
2026-07-26,jumbo,lacteos,7790787002931,queso rallado tradicional 0 12 kg ilolay,6400.0,
2026-07-26,jumbo,limpieza,7790990003039,detergente magistral ultra limon botella 500ml,4558.0,
2026-07-26,jumbo,limpieza,7793253006709,lavandina original ayudin 2l,3366.45,
2026-07-26,jumbo,limpieza,7790250026075,papel higienico elite ultra suave doble hoja 30 m 4 un,5600.0,
2026-07-26,jumbo,limpieza,7791290796829,jabon en polvo matic a mano lavado total con bicarbonato ala 800 g,3650.0,
2026-07-26,jumbo,limpieza,7791293045658,shampoo sedal ceramidas 190 cc,4250.0,
2026-07-26,jumbo,limpieza,7891024124628,pasta dental sensitive pro alivio blanqueadora 110 grs colgate,8100.0,
2026-07-26,jumbo,limpieza,7891150046481,jabon de tocador dove original multipack x3 90 grs,7299.0,
2026-07-26,jumbo,limpieza,7790250022053,rollo de cocina elite ultra absorbente 60 panos 3 uni,4300.0,
2026-07-26,jumbo,panificados,7793890261233,pan blanco bimbo 400g,6300.0,
2026-07-26,jumbo,panificados,7790040143937,galletitas saladas sabor original traviata 96g,1100.0,
2026-07-26,jumbo,panificados,7622201735258,galletitas oreo rellenas con crema sabor original 354 g,6650.0,
2026-07-26,jumbo,panificados,7792200000159,bizcochos 9 de oro de grasa 200 g,1450.0,
